date_ist_close,trades,wins,losses,net_r,net_pnl,skipped,cumulative_r
2026-08-18,0,0,0,+0.00R,+0.00000,99,+0.00R
2026-08-19,0,0,0,+0.00R,+0.00000,5,+0.00R
2026-08-21,0,0,0,+0.00R,+0.00000,34,+0.00R
2026-08-22,0,0,0,+0.00R,+0.00000,5,+0.00R
2026-08-24,0,0,0,+0.00R,+0.00000,4,+0.00R
2026-08-25,0,0,0,+0.00R,+0.00000,3,+0.00R
2026-08-29,0,0,0,+0.00R,+0.00000,3,+0.00R
2026-09-02,0,0,0,+0.00R,+0.00000,14,+0.00R
2026-09-03,0,0,0,+0.00R,+0.00000,1,+0.00R
2026-09-07,0,0,0,+0.00R,+0.00000,34,+0.00R
2026-09-08,0,0,0,+0.00R,+0.00000,2,+0.00R
2026-09-10,0,0,0,+0.00R,+0.00000,3,+0.00R
2026-09-11,325,179,146,+42.60R,+834.64380,9,+42.60R
2026-09-12,6,4,2,+0.40R,-2.17245,0,+43.00R
2026-09-13,14,8,6,+3.60R,+121.59205,3,+46.60R
2026-09-14,10,5,5,-1.40R,-56.28671,1,+45.20R
2026-09-15,10,7,3,+1.80R,+629.14142,4,+47.00R
2026-09-16,12,6,6,-2.40R,+277.70075,3,+44.60R
2026-09-17,4,0,4,-4.00R,-58.91848,3,+40.60R
2026-09-18,20,17,3,+10.20R,+1014.87818,5,+50.80R
2026-09-19,11,11,0,+8.40R,+613.41145,5,+59.20R
2026-09-20,4,3,1,+5.40R,+194.60426,5,+64.60R
2026-09-21,13,12,1,+7.40R,+1886.39314,8,+72.00R
2026-09-22,14,9,5,+1.00R,-278.25181,2,+73.00R
2026-09-23,16,8,8,-3.20R,-141.23141,0,+69.80R
2026-09-24,1,0,1,-1.00R,-15.85736,0,+68.80R
2026-09-25,11,4,7,-4.00R,-765.42204,0,+64.80R
2026-09-26,10,6,4,-0.40R,+0.45972,1,+64.40R
2026-09-27,13,6,7,-1.60R,+546.64646,4,+62.80R
2026-09-28,12,2,10,-8.80R,-468.06863,1,+54.00R
2026-09-29,10,7,3,+3.00R,-539.36977,2,+57.00R
2026-09-30,10,3,7,-4.60R,-13.47273,3,+52.40R
2026-10-01,12,4,8,-5.00R,-335.63487,1,+47.40R
2026-10-02,21,13,8,+1.60R,+299.81346,0,+49.00R
2026-10-03,3,2,1,+0.20R,+124.67921,1,+49.20R
